Workbook

Sheet Historias de usuario
A1: Historias de usuario – Automatización Bancolombia Personas
A2: Proyecto: https://github.com/opdrums/automatizacion_banco · Playwright + TypeScript (patrón Screenplay, Gherkin)
A4: ID HU | B4: Funcionalidad | C4: Historia de usuario | D4: Archivo de prueba | E4: N.º de casos
A5: HU-01 | B5: Página de inicio | C5: Como usuario de Bancolombia Personas quiero que la página de inicio cargue correctamente, con su menú, aviso de cookies y líneas de atención, para encontrar la información del banco. | D5: tests/home.spec.ts | E5: =COUNTIF('Casos de prueba'!$B:$B,A5) -> 8
A6: HU-02 | B6: Navegación por Productos y Servicios | C6: Como usuario quiero navegar desde el menú Productos y Servicios a cada producto para conocer su oferta. | D6: tests/navegacionProductos.spec.ts | E6: =COUNTIF('Casos de prueba'!$B:$B,A6) -> 7
A7: HU-03 | B7: Simulador de crédito de libre inversión | C7: Como usuario quiero diligenciar el simulador de libre inversión y que valide el monto ($1.000.000 – $500.000.000), el plazo (48 – 84 meses) y la edad (18 – 84 años) para simular un crédito válido. | D7: tests/simuladorLibreInversion.spec.ts | E7: =COUNTIF('Casos de prueba'!$B:$B,A7) -> 11
A8: HU-04 | B8: Acceso a la Sucursal Virtual Personas | C8: Como usuario quiero que el acceso a la Sucursal Virtual me lleve al portal de autenticación oficial por HTTPS para ingresar de forma segura. | D8: tests/sucursalVirtual.spec.ts | E8: =COUNTIF('Casos de prueba'!$B:$B,A8) -> 1
D9: Total | E9: =SUM(E5:E8) -> 27

Sheet Casos de prueba
A1: ID caso | B1: ID HU | C1: Escenario | D1: Tipo Gherkin | E1: Precondición (Given) | F1: Acción (When) | G1: Datos de prueba | H1: Resultado esperado (Then) | I1: Técnica de prueba | J1: Etiquetas | K1: Automatizado | L1: Estado | M1: Fecha de ejecución | N1: Evidencia
A2: HU-01-CP-01 | B2: HU-01 | C2: Cargar la página de inicio correctamente | D2: Scenario | E2: El usuario abre la página de inicio de Bancolombia Personas. | F2: — | G2: Título esperado: "Bancolombia Personas" | H2: El título de la página es "Bancolombia Personas" y el logo de Bancolombia es visible. | I2: Smoke | J2: @smoke | K2: Sí | L2: Aprobado | M2: 2026-10-08 | N2: GitHub Actions
A3: HU-01-CP-02 | B3: HU-01 | C3: Aceptar el uso de cookies | D3: Scenario | E3: El usuario abre la página de inicio de Bancolombia Personas. | F3: Acepta el uso de cookies. | G3: — | H3: El aviso de cookies deja de estar visible. | I3: Funcional | J3: @smoke | K3: Sí | L3: Aprobado | M3: 2026-10-08 | N3: GitHub Actions
A4: HU-01-CP-03.1 | B4: HU-01 | C4: Visualizar la opción "Inicio" en el menú principal | D4: Scenario Outline | E4: El usuario abre la página de inicio de Bancolombia Personas. | F4: — | G4: Opción: "Inicio" | H4: La opción "Inicio" es visible en el menú principal. | I4: Funcional (Scenario Outline) | J4: — | K4: Sí | L4: Aprobado | M4: 2026-10-08 | N4: GitHub Actions
A5: HU-01-CP-03.2 | B5: HU-01 | C5: Visualizar la opción "Necesidades" en el menú principal | D5: Scenario Outline | E5: El usuario abre la página de inicio de Bancolombia Personas. | F5: — | G5: Opción: "Necesidades" | H5: La opción "Necesidades" es visible en el menú principal. | I5: Funcional (Scenario Outline) | J5: — | K5: Sí | L5: Aprobado | M5: 2026-10-08 | N5: GitHub Actions
A6: HU-01-CP-03.3 | B6: HU-01 | C6: Visualizar la opción "Productos y Servicios" en el menú principal | D6: Scenario Outline | E6: El usuario abre la página de inicio de Bancolombia Personas. | F6: — | G6: Opción: "Productos y Servicios" | H6: La opción "Productos y Servicios" es visible en el menú principal. | I6: Funcional (Scenario Outline) | J6: — | K6: Sí | L6: Aprobado | M6: 2026-10-08 | N6: GitHub Actions
A7: HU-01-CP-03.4 | B7: HU-01 | C7: Visualizar la opción "Educación Financiera" en el menú principal | D7: Scenario Outline | E7: El usuario abre la página de inicio de Bancolombia Personas. | F7: — | G7: Opción: "Educación Financiera" | H7: La opción "Educación Financiera" es visible en el menú principal. | I7: Funcional (Scenario Outline) | J7: — | K7: Sí | L7: Aprobado | M7: 2026-10-08 | N7: GitHub Actions
A8: HU-01-CP-03.5 | B8: HU-01 | C8: Visualizar la opción "Trámites digitales" en el menú principal | D8: Scenario Outline | E8: El usuario abre la página de inicio de Bancolombia Personas. | F8: — | G8: Opción: "Trámites digitales" | H8: La opción "Trámites digitales" es visible en el menú principal. | I8: Funcional (Scenario Outline) | J8: — | K8: Sí | L8: Aprobado | M8: 2026-10-08 | N8: GitHub Actions
A9: HU-01-CP-04 | B9: HU-01 | C9: Consultar las líneas de atención telefónica | D9: Scenario | E9: El usuario abre la página de inicio de Bancolombia Personas. | F9: — | G9: Bogotá +57 (601) 343 0000 Medellín +57 (604) 510 9000 Línea gratuita resto del país: 01 8000 9 12345 | H9: Las tres líneas de atención son visibles en la página. | I9: Funcional | J9: — | K9: Sí | L9: Aprobado | M9: 2026-10-08 | N9: GitHub Actions
A10: HU-02-CP-01.1 | B10: HU-02 | C10: Navegar a la sección "Cuentas" | D10: Scenario Outline | E10: El usuario abre la página de inicio de Bancolombia Personas y acepta las cookies. | F10: Navega al producto "Cuentas" desde el menú Productos y Servicios. | G10: Producto: Cuentas Ruta: /productos/cuentas Título: Cuentas de ahorros | H10: La URL contiene "/productos/cuentas" y el título de la página contiene "Cuentas de ahorros". | I10: Funcional (Scenario Outline) | J10: @regresion | K10: Sí | L10: Aprobado | M10: 2026-10-08 | N10: GitHub Actions
A11: HU-02-CP-01.2 | B11: HU-02 | C11: Navegar a la sección "Tarjetas Débito" | D11: Scenario Outline | E11: El usuario abre la página de inicio de Bancolombia Personas y acepta las cookies. | F11: Navega al producto "Tarjetas Débito" desde el menú Productos y Servicios. | G11: Producto: Tarjetas Débito Ruta: /tarjetas-debito Título: Tarjetas Débito | H11: La URL contiene "/tarjetas-debito" y el título de la página contiene "Tarjetas Débito". | I11: Funcional (Scenario Outline) | J11: @regresion | K11: Sí | L11: Aprobado | M11: 2026-10-08 | N11: GitHub Actions
A12: HU-02-CP-01.3 | B12: HU-02 | C12: Navegar a la sección "Tarjetas de Crédito" | D12: Scenario Outline | E12: El usuario abre la página de inicio de Bancolombia Personas y acepta las cookies. | F12: Navega al producto "Tarjetas de Crédito" desde el menú Productos y Servicios. | G12: Producto: Tarjetas de Crédito Ruta: /tarjetas-credito Título: Tarjetas de Crédito | H12: La URL contiene "/tarjetas-credito" y el título de la página contiene "Tarjetas de Crédito". | I12: Funcional (Scenario Outline) | J12: @regresion | K12: Sí | L12: Aprobado | M12: 2026-10-08 | N12: GitHub Actions
... A28: HU-04-CP-01 | B28: HU-04 | C28: El acceso a la Sucursal Virtual dirige al portal de autenticación seguro | D28: Scenario | E28: El usuario abre la página de inicio de Bancolombia Personas. | F28: — | G28: URL esperada: https://svpersonas.apps.bancolombia.com/autenticacion | H28: El enlace de Sucursal Virtual Personas dirige a la URL esperada y usa HTTPS. | I28: Seguridad | J28: @smoke @seguridad | K28: Sí | L28: Aprobado | M28: 2026-10-08 | N28: GitHub Actions

Sheet Resumen
A1: Resumen de ejecución
A2: Ejecución: GitHub Actions, 2026-10-08 (Chromium). Las cifras se calculan desde la hoja "Casos de prueba".
A4: Estado | B4: Casos | C4: % del total
A5: Aprobado | B5: =COUNTIF('Casos de prueba'!$L:$L,A5) -> 27 | C5: =IF($B$9=0,0,B5/$B$9) -> 1
A6: Fallido | B6: =COUNTIF('Casos de prueba'!$L:$L,A6) -> 0 | C6: =IF($B$9=0,0,B6/$B$9) -> 0
A7: Bloqueado | B7: =COUNTIF('Casos de prueba'!$L:$L,A7) -> 0 | C7: =IF($B$9=0,0,B7/$B$9) -> 0
A8: No ejecutado | B8: =COUNTIF('Casos de prueba'!$L:$L,A8) -> 0 | C8: =IF($B$9=0,0,B8/$B$9) -> 0
A9: Total | B9: =SUM(B5:B8) -> 27 | C9: =SUM(C5:C8) -> 1
A11: Historia de usuario | B11: Casos | C11: Aprobados | D11: % aprobación
A12: HU-01 – Página de inicio | B12: =COUNTIF('Casos de prueba'!$B:$B,"HU-01") -> 8 | C12: =COUNTIFS('Casos de prueba'!$B:$B,"HU-01",'Casos de prueba'!$L:$L,"Aprobado") -> 8 | D12: =IF(B12=0,0,C12/B12) -> 1
A13: HU-02 – Navegación por Productos y Servicios | B13: =COUNTIF('Casos de prueba'!$B:$B,"HU-02") -> 7 | C13: =COUNTIFS('Casos de prueba'!$B:$B,"HU-02",'Casos de prueba'!$L:$L,"Aprobado") -> 7 | D13: =IF(B13=0,0,C13/B13) -> 1
A14: HU-03 – Simulador de crédito de libre inversión | B14: =COUNTIF('Casos de prueba'!$B:$B,"HU-03") -> 11 | C14: =COUNTIFS('Casos de prueba'!$B:$B,"HU-03",'Casos de prueba'!$L:$L,"Aprobado") -> 11 | D14: =IF(B14=0,0,C14/B14) -> 1
A15: HU-04 – Acceso a la Sucursal Virtual Personas | B15: =COUNTIF('Casos de prueba'!$B:$B,"HU-04") -> 1 | C15: =COUNTIFS('Casos de prueba'!$B:$B,"HU-04",'Casos de prueba'!$L:$L,"Aprobado") -> 1 | D15: =IF(B15=0,0,C15/B15) -> 1
A16: Total | B16: =SUM(B12:B15) -> 27 | C16: =SUM(C12:C15) -> 27 | D16: =IF(B16=0,0,C16/B16) -> 1
A18: Técnica de prueba | B18: Casos
A19: Funcional | B19: =COUNTIF('Casos de prueba'!$I:$I,A19) -> 2
A20: Funcional (Scenario Outline) | B20: =COUNTIF('Casos de prueba'!$I:$I,A20) -> 12
A21: Partición de equivalencia (clase válida) | B21: =COUNTIF('Casos de prueba'!$I:$I,A21) -> 1
A22: Seguridad | B22: =COUNTIF('Casos de prueba'!$I:$I,A22) -> 1
A23: Smoke | B23: =COUNTIF('Casos de prueba'!$I:$I,A23) -> 3
A24: Valores límite (inválido) | B24: =COUNTIF('Casos de prueba'!$I:$I,A24) -> 6
A25: Valores límite (máximo válido) | B25: =COUNTIF('Casos de prueba'!$I:$I,A25) -> 1
A26: Valores límite (mínimo válido) | B26: =COUNTIF('Casos de prueba'!$I:$I,A26) -> 1
A27: Total | B27: =SUM(B19:B26) -> 27
